{"cats.md": {"mtime": 1738073027.2876456, "uuids": ["34fc72fa-4639-4302-8eb6-b4246fa1e77e"]}, "CV.md": {"mtime": 1734284901.661676, "uuids": ["721fce9f-b2c7-44aa-b9a6-3a15aa6ce3e1", "b834e532-e3c5-4f68-9d19-fc5dfd62e0f7", "9474e72f-291d-495e-a476-2b1aa24ca1ad", "2a376b15-bd9f-4e31-8a5d-276e2d9c9cb1", "78923c72-67e8-43e3-9fd2-a4f7ceed4082"]}, "friends.md": {"mtime": 1738073056.7661476, "uuids": ["bdd2c762-8554-4fe2-b3de-09e7a20df856"]}}