{"CV.md": {"mtime": 1734284901.661676, "uuids": ["569b9b4a-a0d4-4bc3-836b-1fdb071ceead", "5b3c2778-38b6-4c12-9981-36f13ea37d18", "15537436-8e20-4415-aaa2-b12600252eac", "bcba5c78-78e4-4644-a3ed-a2bf902511b8", "2bf01495-7718-41db-8382-82419bb995ec"]}, "friends.md": {"mtime": 1734899504.6653569, "uuids": ["421b014e-716b-4ee4-88b5-cae84a6c6265"]}, "pets.md": {"mtime": 1734899515.2879188, "uuids": ["d54819f6-2bbb-4745-a1ae-aeb0026735c1"]}}