{"hobbies and interest.md": {"mtime": 1738886076.034892, "uuids": ["1d6b5030-d962-4655-ba08-da606747b7e9"]}, "resume.md": {"mtime": 1738887890.1893587, "uuids": ["424e03c4-b479-4b59-abbf-23780a23a8d9", "c6904e19-8679-4203-94d9-b886abfcc93c", "2356f29a-d7bf-4377-980b-63474ddae99a", "eb921b69-ef0f-4d8a-a7df-9bd4b4dd446c", "91438033-1b1c-4d03-bb83-9312202b6145"]}, "Skills.md": {"mtime": 1738887623.54788, "uuids": ["c9ab2f0f-9585-4ece-8f73-a2b0d4c9bb15", "df1e6ae3-293a-4514-a5ac-88b52801c398", "6e904a3a-2f3e-40a9-825d-51bb463c4e45"]}}